{
    "task": "bar a2",
    "train_acc": 0.9568889141082764,
    "test_acc": 0.953000009059906,
    "train_loss": 1.403125524520874,
    "test_loss": 1.540121078491211,
    "width": [
        2,
        1,
        1
    ],
    "grid": 10,
    "seed": 42,
    "test_split": 0.1,
    "steps": 80
}