{
    "task": "bar a2",
    "train_acc": 0.9678888916969299,
    "test_acc": 0.972000002861023,
    "train_loss": 1.5197378396987915,
    "test_loss": 1.5095939636230469,
    "width": [
        2,
        3,
        1
    ],
    "grid": 5,
    "seed": 42,
    "test_split": 0.1,
    "steps": 80
}