{
    "task": "bar a1",
    "train_acc": 0.9441111087799072,
    "test_acc": 0.9330000281333923,
    "train_loss": 1.6346783638000488,
    "test_loss": 1.7633212804794312,
    "width": [
        2,
        1,
        1
    ],
    "grid": 10,
    "seed": 42,
    "test_split": 0.1,
    "steps": 80
}