{
    "task": "bar a3",
    "train_acc": 0.9411110877990723,
    "test_acc": 0.9440000057220459,
    "train_loss": 1.7166426181793213,
    "test_loss": 1.6211919784545898,
    "width": [
        2,
        1,
        1
    ],
    "grid": 10,
    "seed": 42,
    "test_split": 0.1,
    "steps": 80
}