{
    "task": "bar a3",
    "train_acc": 0.9399999976158142,
    "test_acc": 0.9480000138282776,
    "train_loss": 1.7219077348709106,
    "test_loss": 1.6575931310653687,
    "width": [
        2,
        3,
        1
    ],
    "grid": 10,
    "seed": 42,
    "test_split": 0.1,
    "steps": 80
}