{
    "task": "bar a3",
    "train_acc": 0.8579999804496765,
    "test_acc": 0.8619999885559082,
    "train_loss": 1.9154466390609741,
    "test_loss": 1.8917595148086548,
    "width": [
        2,
        3,
        1
    ],
    "grid": 5,
    "seed": 42,
    "test_split": 0.1,
    "steps": 80
}