{
    "task": "bar a3",
    "train_acc": 0.9963333606719971,
    "test_acc": 0.9980000257492065,
    "train_loss": 0.8806544542312622,
    "test_loss": 0.8507915735244751,
    "width": [
        2,
        2,
        1
    ],
    "grid": 10,
    "seed": 42,
    "test_split": 0.1,
    "steps": 80
}