{
    "task": "bar a2",
    "train_acc": 0.971666693687439,
    "test_acc": 0.9679999947547913,
    "train_loss": 1.339332938194275,
    "test_loss": 1.3265806436538696,
    "width": [
        2,
        2,
        1
    ],
    "grid": 5,
    "seed": 42,
    "test_split": 0.1,
    "steps": 80
}