{
    "task": "bar a2",
    "train_acc": 0.9482222199440002,
    "test_acc": 0.9539999961853027,
    "train_loss": 1.8701179027557373,
    "test_loss": 1.8599897623062134,
    "width": [
        2,
        1,
        1
    ],
    "grid": 5,
    "seed": 42,
    "test_split": 0.1,
    "steps": 80
}