{
    "task": "bar a1",
    "train_acc": 0.9895555377006531,
    "test_acc": 0.9929999709129333,
    "train_loss": 1.1030701398849487,
    "test_loss": 1.0602914094924927,
    "width": [
        2,
        3,
        1
    ],
    "grid": 5,
    "seed": 42,
    "test_split": 0.1,
    "steps": 80
}