{
    "task": "bar a2",
    "train_acc": 0.9894444346427917,
    "test_acc": 0.9940000176429749,
    "train_loss": 0.9422361850738525,
    "test_loss": 0.9441213011741638,
    "width": [
        2,
        3,
        1
    ],
    "grid": 10,
    "seed": 42,
    "test_split": 0.1,
    "steps": 80
}