{
    "task": "bar a1",
    "train_acc": 0.9651111364364624,
    "test_acc": 0.9539999961853027,
    "train_loss": 1.5108393430709839,
    "test_loss": 1.545371651649475,
    "width": [
        2,
        1,
        1
    ],
    "grid": 5,
    "seed": 42,
    "test_split": 0.1,
    "steps": 80
}