{
    "task": "bar a3",
    "train_acc": 0.8579999804496765,
    "test_acc": 0.8619999885559082,
    "train_loss": 2.025723457336426,
    "test_loss": 1.9936447143554688,
    "width": [
        2,
        2,
        1
    ],
    "grid": 5,
    "seed": 42,
    "test_split": 0.1,
    "steps": 80
}