{
    "task": "bar a1",
    "train_acc": 0.9866666793823242,
    "test_acc": 0.9879999756813049,
    "train_loss": 1.0467584133148193,
    "test_loss": 0.9915781617164612,
    "width": [
        2,
        2,
        1
    ],
    "grid": 5,
    "seed": 42,
    "test_split": 0.1,
    "steps": 80
}