{
    "task": "bar a1",
    "train_acc": 0.988777756690979,
    "test_acc": 0.9890000224113464,
    "train_loss": 1.0081875324249268,
    "test_loss": 0.9881898164749146,
    "width": [
        2,
        3,
        1
    ],
    "grid": 10,
    "seed": 42,
    "test_split": 0.1,
    "steps": 80
}