{
    "task": "bar a1",
    "train_acc": 0.9908888936042786,
    "test_acc": 0.9940000176429749,
    "train_loss": 1.0384577512741089,
    "test_loss": 1.0149484872817993,
    "width": [
        2,
        2,
        1
    ],
    "grid": 10,
    "seed": 42,
    "test_split": 0.1,
    "steps": 80
}