{
    "task": "bar a2",
    "train_acc": 0.9909999966621399,
    "test_acc": 0.9919999837875366,
    "train_loss": 0.9395418763160706,
    "test_loss": 0.9391406178474426,
    "width": [
        2,
        2,
        1
    ],
    "grid": 10,
    "seed": 42,
    "test_split": 0.1,
    "steps": 80
}