{
    "task": "checker a1",
    "train_acc": 0.9629999995231628,
    "test_acc": 0.9639999866485596,
    "train_loss": 1.3543227910995483,
    "test_loss": 1.3450876474380493,
    "width": [
        2,
        3,
        1
    ],
    "grid": 5,
    "seed": 42,
    "test_split": 0.1,
    "steps": 80
}