{
    "task": "checker a1",
    "train_acc": 0.9903333187103271,
    "test_acc": 0.9879999756813049,
    "train_loss": 0.8933659195899963,
    "test_loss": 0.9280475378036499,
    "width": [
        2,
        2,
        1
    ],
    "grid": 10,
    "seed": 42,
    "test_split": 0.1,
    "steps": 80
}