{
    "task": "checker a1",
    "train_acc": 0.9425555467605591,
    "test_acc": 0.9350000023841858,
    "train_loss": 1.4713435173034668,
    "test_loss": 1.5963833332061768,
    "width": [
        2,
        2,
        1
    ],
    "grid": 5,
    "seed": 42,
    "test_split": 0.1,
    "steps": 80
}