{
    "task": "checker a2",
    "train_acc": 0.9444444179534912,
    "test_acc": 0.9470000267028809,
    "train_loss": 1.6528470516204834,
    "test_loss": 1.6148297786712646,
    "width": [
        2,
        3,
        1
    ],
    "grid": 5,
    "seed": 42,
    "test_split": 0.1,
    "steps": 80
}