{
    "task": "checker a3",
    "train_acc": 0.968666672706604,
    "test_acc": 0.9739999771118164,
    "train_loss": 1.3377701044082642,
    "test_loss": 1.3433966636657715,
    "width": [
        2,
        3,
        1
    ],
    "grid": 10,
    "seed": 42,
    "test_split": 0.1,
    "steps": 80
}