{
    "task": "checker a1",
    "train_acc": 0.9806666374206543,
    "test_acc": 0.9739999771118164,
    "train_loss": 0.9081987738609314,
    "test_loss": 1.0037753582000732,
    "width": [
        2,
        3,
        1
    ],
    "grid": 10,
    "seed": 42,
    "test_split": 0.1,
    "steps": 80
}