{
    "task": "checker a3",
    "train_acc": 0.7616666555404663,
    "test_acc": 0.765999972820282,
    "train_loss": 2.86002254486084,
    "test_loss": 2.8310964107513428,
    "width": [
        2,
        1,
        1
    ],
    "grid": 5,
    "seed": 42,
    "test_split": 0.1,
    "steps": 80
}