{
    "task": "checker a2",
    "train_acc": 0.9290000200271606,
    "test_acc": 0.9279999732971191,
    "train_loss": 1.6866589784622192,
    "test_loss": 1.6413317918777466,
    "width": [
        2,
        1,
        1
    ],
    "grid": 5,
    "seed": 42,
    "test_split": 0.1,
    "steps": 80
}