{
    "task": "checker a2",
    "train_acc": 0.9463333487510681,
    "test_acc": 0.9490000009536743,
    "train_loss": 1.4379862546920776,
    "test_loss": 1.4047605991363525,
    "width": [
        2,
        2,
        1
    ],
    "grid": 10,
    "seed": 42,
    "test_split": 0.1,
    "steps": 80
}