{
    "task": "checker a1",
    "train_acc": 0.933555543422699,
    "test_acc": 0.9300000071525574,
    "train_loss": 1.6532692909240723,
    "test_loss": 1.7084041833877563,
    "width": [
        2,
        1,
        1
    ],
    "grid": 10,
    "seed": 42,
    "test_split": 0.1,
    "steps": 80
}