{
    "task": "checker a1",
    "train_acc": 0.9478889107704163,
    "test_acc": 0.9430000185966492,
    "train_loss": 1.4479724168777466,
    "test_loss": 1.4911056756973267,
    "width": [
        2,
        1,
        1
    ],
    "grid": 5,
    "seed": 42,
    "test_split": 0.1,
    "steps": 80
}