{
    "task": "checker a3",
    "train_acc": 0.9155555367469788,
    "test_acc": 0.9190000295639038,
    "train_loss": 1.8234002590179443,
    "test_loss": 1.8359241485595703,
    "width": [
        2,
        2,
        1
    ],
    "grid": 10,
    "seed": 42,
    "test_split": 0.1,
    "steps": 80
}