{
    "task": "checker a2",
    "train_acc": 0.9281111359596252,
    "test_acc": 0.9300000071525574,
    "train_loss": 1.6924755573272705,
    "test_loss": 1.6414753198623657,
    "width": [
        2,
        2,
        1
    ],
    "grid": 5,
    "seed": 42,
    "test_split": 0.1,
    "steps": 80
}