{
    "task": "checker a3",
    "train_acc": 0.9078888893127441,
    "test_acc": 0.9169999957084656,
    "train_loss": 1.8622506856918335,
    "test_loss": 1.785732626914978,
    "width": [
        2,
        1,
        1
    ],
    "grid": 10,
    "seed": 42,
    "test_split": 0.1,
    "steps": 80
}