{
    "task": "checker a2",
    "train_acc": 0.9776666760444641,
    "test_acc": 0.9819999933242798,
    "train_loss": 1.1635024547576904,
    "test_loss": 1.1420806646347046,
    "width": [
        2,
        3,
        1
    ],
    "grid": 10,
    "seed": 42,
    "test_split": 0.1,
    "steps": 80
}