{
    "task": "checker a2",
    "train_acc": 0.9031111001968384,
    "test_acc": 0.902999997138977,
    "train_loss": 1.9446054697036743,
    "test_loss": 1.9203664064407349,
    "width": [
        2,
        1,
        1
    ],
    "grid": 10,
    "seed": 42,
    "test_split": 0.1,
    "steps": 80
}