{
    "task": "circles",
    "train_acc": 0.9662222266197205,
    "test_acc": 0.9649999737739563,
    "train_loss": 1.2058324813842773,
    "test_loss": 1.210210919380188,
    "width": [
        2,
        1,
        1
    ],
    "grid": 5,
    "seed": 42,
    "test_split": 0.1,
    "steps": 80
}