{
    "task": "circles",
    "train_acc": 0.9810000061988831,
    "test_acc": 0.9710000157356262,
    "train_loss": 0.8634113669395447,
    "test_loss": 1.0063103437423706,
    "width": [
        2,
        1,
        1
    ],
    "grid": 10,
    "seed": 42,
    "test_split": 0.1,
    "steps": 80
}