{
    "task": "circles",
    "train_acc": 0.9968888759613037,
    "test_acc": 0.9959999918937683,
    "train_loss": 0.49084749817848206,
    "test_loss": 0.5740869045257568,
    "width": [
        2,
        3,
        1
    ],
    "grid": 10,
    "seed": 42,
    "test_split": 0.1,
    "steps": 80
}