{
    "task": "circles",
    "train_acc": 0.9992222189903259,
    "test_acc": 0.9990000128746033,
    "train_loss": 0.3546990156173706,
    "test_loss": 0.4464215934276581,
    "width": [
        2,
        3,
        1
    ],
    "grid": 5,
    "seed": 42,
    "test_split": 0.1,
    "steps": 80
}