{
    "task": "circles",
    "train_acc": 0.9934444427490234,
    "test_acc": 0.9890000224113464,
    "train_loss": 0.6404881477355957,
    "test_loss": 0.6956020593643188,
    "width": [
        2,
        2,
        1
    ],
    "grid": 10,
    "seed": 42,
    "test_split": 0.1,
    "steps": 80
}