{
    "task": "circles",
    "train_acc": 0.9893333315849304,
    "test_acc": 0.9810000061988831,
    "train_loss": 0.8296645283699036,
    "test_loss": 0.8979208469390869,
    "width": [
        2,
        2,
        1
    ],
    "grid": 5,
    "seed": 42,
    "test_split": 0.1,
    "steps": 80
}