{
    "task": "ellipse a3",
    "train_acc": 0.9926666617393494,
    "test_acc": 0.9929999709129333,
    "train_loss": 0.8292984962463379,
    "test_loss": 0.8425400257110596,
    "width": [
        2,
        2,
        1
    ],
    "grid": 5,
    "seed": 42,
    "test_split": 0.1,
    "steps": 80
}