{
    "task": "ellipse a1",
    "train_acc": 0.9946666955947876,
    "test_acc": 0.9929999709129333,
    "train_loss": 0.7041391134262085,
    "test_loss": 0.6949219703674316,
    "width": [
        2,
        3,
        1
    ],
    "grid": 10,
    "seed": 42,
    "test_split": 0.1,
    "steps": 80
}