{
    "task": "ellipse a1",
    "train_acc": 0.9786666631698608,
    "test_acc": 0.9810000061988831,
    "train_loss": 1.0636968612670898,
    "test_loss": 1.0144829750061035,
    "width": [
        2,
        2,
        1
    ],
    "grid": 10,
    "seed": 42,
    "test_split": 0.1,
    "steps": 80
}