{
    "task": "ellipse a3",
    "train_acc": 0.9981111288070679,
    "test_acc": 0.996999979019165,
    "train_loss": 0.48406919836997986,
    "test_loss": 0.46595099568367004,
    "width": [
        2,
        3,
        1
    ],
    "grid": 10,
    "seed": 42,
    "test_split": 0.1,
    "steps": 80
}