{
    "task": "ellipse a1",
    "train_acc": 0.9582222104072571,
    "test_acc": 0.9639999866485596,
    "train_loss": 1.3787314891815186,
    "test_loss": 1.3553698062896729,
    "width": [
        2,
        3,
        1
    ],
    "grid": 5,
    "seed": 42,
    "test_split": 0.1,
    "steps": 80
}