{
    "task": "ellipse a2",
    "train_acc": 0.9621111154556274,
    "test_acc": 0.9610000252723694,
    "train_loss": 1.3073238134384155,
    "test_loss": 1.2638423442840576,
    "width": [
        2,
        2,
        1
    ],
    "grid": 5,
    "seed": 42,
    "test_split": 0.1,
    "steps": 80
}