{
    "task": "ellipse a1",
    "train_acc": 0.960777759552002,
    "test_acc": 0.9599999785423279,
    "train_loss": 1.2513667345046997,
    "test_loss": 1.2946507930755615,
    "width": [
        2,
        1,
        1
    ],
    "grid": 10,
    "seed": 42,
    "test_split": 0.1,
    "steps": 80
}