{
    "task": "ellipse a2",
    "train_acc": 0.9644444584846497,
    "test_acc": 0.9620000123977661,
    "train_loss": 1.1494120359420776,
    "test_loss": 1.1147806644439697,
    "width": [
        2,
        1,
        1
    ],
    "grid": 10,
    "seed": 42,
    "test_split": 0.1,
    "steps": 80
}