{
    "task": "ellipse a1",
    "train_acc": 0.7314444184303284,
    "test_acc": 0.7229999899864197,
    "train_loss": NaN,
    "test_loss": NaN,
    "width": [
        2,
        2,
        1
    ],
    "grid": 5,
    "seed": 42,
    "test_split": 0.1,
    "steps": 80
}