{
    "task": "ellipse a2",
    "train_acc": 0.9901111125946045,
    "test_acc": 0.9929999709129333,
    "train_loss": 0.8140791654586792,
    "test_loss": 0.7759847044944763,
    "width": [
        2,
        3,
        1
    ],
    "grid": 10,
    "seed": 42,
    "test_split": 0.1,
    "steps": 80
}