{
    "task": "ellipse a3",
    "train_acc": 0.9909999966621399,
    "test_acc": 0.9900000095367432,
    "train_loss": 0.8199934363365173,
    "test_loss": 0.7821780443191528,
    "width": [
        2,
        2,
        1
    ],
    "grid": 10,
    "seed": 42,
    "test_split": 0.1,
    "steps": 80
}