{
    "task": "ellipse a3",
    "train_acc": 0.9918888807296753,
    "test_acc": 0.9900000095367432,
    "train_loss": 0.8634769320487976,
    "test_loss": 0.8660535216331482,
    "width": [
        2,
        3,
        1
    ],
    "grid": 5,
    "seed": 42,
    "test_split": 0.1,
    "steps": 80
}