{
    "task": "ellipse a2",
    "train_acc": 0.972777783870697,
    "test_acc": 0.9779999852180481,
    "train_loss": 1.0809249877929688,
    "test_loss": 1.0269781351089478,
    "width": [
        2,
        2,
        1
    ],
    "grid": 10,
    "seed": 42,
    "test_split": 0.1,
    "steps": 80
}