{
    "task": "ellipse a3",
    "train_acc": 0.9721111059188843,
    "test_acc": 0.972000002861023,
    "train_loss": 1.0707472562789917,
    "test_loss": 1.0250014066696167,
    "width": [
        2,
        1,
        1
    ],
    "grid": 10,
    "seed": 42,
    "test_split": 0.1,
    "steps": 80
}