{
    "task": "ellipse a2",
    "train_acc": 0.9804444313049316,
    "test_acc": 0.9760000109672546,
    "train_loss": 0.9946644902229309,
    "test_loss": 0.9798351526260376,
    "width": [
        2,
        3,
        1
    ],
    "grid": 5,
    "seed": 42,
    "test_split": 0.1,
    "steps": 80
}