{
    "task": "ellipse a3",
    "train_acc": 0.9431111216545105,
    "test_acc": 0.9449999928474426,
    "train_loss": 1.6587090492248535,
    "test_loss": 1.6914215087890625,
    "width": [
        2,
        1,
        1
    ],
    "grid": 5,
    "seed": 42,
    "test_split": 0.1,
    "steps": 80
}