{
    "task": "gauss a3",
    "train_acc": 0.9995555281639099,
    "test_acc": 1.0,
    "train_loss": 0.3208337128162384,
    "test_loss": 0.30551427602767944,
    "width": [
        2,
        2,
        1
    ],
    "grid": 5,
    "seed": 42,
    "test_split": 0.1,
    "steps": 80
}