{
    "task": "gauss a3",
    "train_acc": 1.0,
    "test_acc": 1.0,
    "train_loss": 0.13715939223766327,
    "test_loss": 0.12512019276618958,
    "width": [
        2,
        2,
        1
    ],
    "grid": 10,
    "seed": 42,
    "test_split": 0.1,
    "steps": 80
}