{
    "task": "gauss a2",
    "train_acc": 0.9453333616256714,
    "test_acc": 0.9430000185966492,
    "train_loss": 1.5697262287139893,
    "test_loss": 1.6167807579040527,
    "width": [
        2,
        1,
        1
    ],
    "grid": 5,
    "seed": 42,
    "test_split": 0.1,
    "steps": 80
}