{
    "task": "gauss a3",
    "train_acc": 0.9911110997200012,
    "test_acc": 0.9869999885559082,
    "train_loss": 0.6085703372955322,
    "test_loss": 0.7093855142593384,
    "width": [
        2,
        1,
        1
    ],
    "grid": 10,
    "seed": 42,
    "test_split": 0.1,
    "steps": 80
}