{
    "task": "gauss a2",
    "train_acc": 0.9718888998031616,
    "test_acc": 0.9620000123977661,
    "train_loss": 1.0886164903640747,
    "test_loss": 1.1883677244186401,
    "width": [
        2,
        2,
        1
    ],
    "grid": 5,
    "seed": 42,
    "test_split": 0.1,
    "steps": 80
}