{
    "task": "gauss a3",
    "train_acc": 0.9994444251060486,
    "test_acc": 0.9990000128746033,
    "train_loss": 0.3545134961605072,
    "test_loss": 0.34877896308898926,
    "width": [
        2,
        3,
        1
    ],
    "grid": 5,
    "seed": 42,
    "test_split": 0.1,
    "steps": 80
}