{
    "task": "gaussian cross",
    "train_acc": 0.999666690826416,
    "test_acc": 1.0,
    "train_loss": 0.20322638750076294,
    "test_loss": 0.1381457895040512,
    "width": [
        2,
        3,
        1
    ],
    "grid": 10,
    "seed": 42,
    "test_split": 0.1,
    "steps": 80
}