{
    "task": "gauss a1",
    "train_acc": 0.8554444313049316,
    "test_acc": 0.859000027179718,
    "train_loss": 2.267305612564087,
    "test_loss": 2.3038322925567627,
    "width": [
        2,
        3,
        1
    ],
    "grid": 10,
    "seed": 42,
    "test_split": 0.1,
    "steps": 80
}