{
    "task": "gauss a2",
    "train_acc": 0.9748888611793518,
    "test_acc": 0.9750000238418579,
    "train_loss": 0.9746662974357605,
    "test_loss": 0.9815207719802856,
    "width": [
        2,
        3,
        1
    ],
    "grid": 10,
    "seed": 42,
    "test_split": 0.1,
    "steps": 80
}