{
    "task": "gauss a3",
    "train_acc": 0.9419999718666077,
    "test_acc": 0.9480000138282776,
    "train_loss": 1.5186095237731934,
    "test_loss": 1.4852237701416016,
    "width": [
        2,
        1,
        1
    ],
    "grid": 5,
    "seed": 42,
    "test_split": 0.1,
    "steps": 80
}