{
    "task": "gaussian cross",
    "train_acc": 0.9975555539131165,
    "test_acc": 0.9990000128746033,
    "train_loss": 0.6609219908714294,
    "test_loss": 0.6871251463890076,
    "width": [
        2,
        3,
        1
    ],
    "grid": 5,
    "seed": 42,
    "test_split": 0.1,
    "steps": 80
}