{
    "task": "gauss a2",
    "train_acc": 0.9725555777549744,
    "test_acc": 0.9649999737739563,
    "train_loss": 1.0940139293670654,
    "test_loss": 1.1373530626296997,
    "width": [
        2,
        3,
        1
    ],
    "grid": 5,
    "seed": 42,
    "test_split": 0.1,
    "steps": 80
}