{
    "task": "gauss a2",
    "train_acc": 0.9745555520057678,
    "test_acc": 0.9760000109672546,
    "train_loss": 0.971580982208252,
    "test_loss": 0.9600440859794617,
    "width": [
        2,
        2,
        1
    ],
    "grid": 10,
    "seed": 42,
    "test_split": 0.1,
    "steps": 80
}