{
    "task": "gauss a2",
    "train_acc": 0.929111123085022,
    "test_acc": 0.9259999990463257,
    "train_loss": 1.6983261108398438,
    "test_loss": 1.7247828245162964,
    "width": [
        2,
        1,
        1
    ],
    "grid": 10,
    "seed": 42,
    "test_split": 0.1,
    "steps": 80
}