{
    "task": "gauss a1",
    "train_acc": 0.8014444708824158,
    "test_acc": 0.796999990940094,
    "train_loss": 2.6536030769348145,
    "test_loss": 2.742600202560425,
    "width": [
        2,
        1,
        1
    ],
    "grid": 5,
    "seed": 42,
    "test_split": 0.1,
    "steps": 80
}