{
    "task": "gauss a1",
    "train_acc": 0.8566666841506958,
    "test_acc": 0.8579999804496765,
    "train_loss": 2.267183303833008,
    "test_loss": 2.3001558780670166,
    "width": [
        2,
        2,
        1
    ],
    "grid": 10,
    "seed": 42,
    "test_split": 0.1,
    "steps": 80
}