{
    "task": "high freq a2",
    "train_acc": 0.9558888673782349,
    "test_acc": 0.9559999704360962,
    "train_loss": 1.6122251749038696,
    "test_loss": 1.5957578420639038,
    "width": [
        2,
        2,
        1
    ],
    "grid": 10,
    "seed": 42,
    "test_split": 0.1,
    "steps": 80
}