{
    "task": "high freq",
    "train_acc": 0.9423333406448364,
    "test_acc": 0.9430000185966492,
    "train_loss": 1.7719048261642456,
    "test_loss": 1.7709004878997803,
    "width": [
        2,
        1,
        1
    ],
    "grid": 5,
    "seed": 42,
    "test_split": 0.1,
    "steps": 80
}