{
    "task": "high freq2",
    "train_acc": 0.9957777857780457,
    "test_acc": 0.9959999918937683,
    "train_loss": 0.7765810489654541,
    "test_loss": 0.7116455435752869,
    "width": [
        2,
        2,
        1
    ],
    "grid": 10,
    "seed": 42,
    "test_split": 0.1,
    "steps": 80
}