{
    "task": "high freq",
    "train_acc": 0.9976666569709778,
    "test_acc": 0.9990000128746033,
    "train_loss": 0.6324726939201355,
    "test_loss": 0.6203895211219788,
    "width": [
        2,
        3,
        1
    ],
    "grid": 10,
    "seed": 42,
    "test_split": 0.1,
    "steps": 80
}