{
    "task": "high freq a2",
    "train_acc": 0.9937777519226074,
    "test_acc": 0.9950000047683716,
    "train_loss": 1.325526475906372,
    "test_loss": 1.3318952322006226,
    "width": [
        2,
        2,
        1
    ],
    "grid": 5,
    "seed": 42,
    "test_split": 0.1,
    "steps": 80
}