{
    "task": "high freq2",
    "train_acc": 0.9924444556236267,
    "test_acc": 0.9950000047683716,
    "train_loss": 1.1630274057388306,
    "test_loss": 1.11204993724823,
    "width": [
        2,
        2,
        1
    ],
    "grid": 5,
    "seed": 42,
    "test_split": 0.1,
    "steps": 80
}