{
    "task": "high freq",
    "train_acc": 0.9985555410385132,
    "test_acc": 0.9990000128746033,
    "train_loss": 0.627668023109436,
    "test_loss": 0.6147920489311218,
    "width": [
        2,
        2,
        1
    ],
    "grid": 10,
    "seed": 42,
    "test_split": 0.1,
    "steps": 80
}