{
    "task": "high freq a1",
    "train_acc": 0.9977777600288391,
    "test_acc": 0.9990000128746033,
    "train_loss": 0.6955583095550537,
    "test_loss": 0.6323326230049133,
    "width": [
        2,
        3,
        1
    ],
    "grid": 10,
    "seed": 42,
    "test_split": 0.1,
    "steps": 80
}