{
    "task": "high freq",
    "train_acc": 0.9893333315849304,
    "test_acc": 0.9819999933242798,
    "train_loss": 0.9237005114555359,
    "test_loss": 1.0092991590499878,
    "width": [
        2,
        1,
        1
    ],
    "grid": 10,
    "seed": 42,
    "test_split": 0.1,
    "steps": 80
}