{
    "task": "high freq a3",
    "train_acc": 0.9891111254692078,
    "test_acc": 0.9919999837875366,
    "train_loss": 1.3614683151245117,
    "test_loss": 1.3550190925598145,
    "width": [
        2,
        2,
        1
    ],
    "grid": 5,
    "seed": 42,
    "test_split": 0.1,
    "steps": 80
}