{
    "task": "moons",
    "train_acc": 0.9988889098167419,
    "test_acc": 1.0,
    "train_loss": 0.318136602640152,
    "test_loss": 0.25985562801361084,
    "width": [
        2,
        2,
        1
    ],
    "grid": 5,
    "seed": 42,
    "test_split": 0.1,
    "steps": 80
}