{
    "task": "moons",
    "train_acc": 0.9990000128746033,
    "test_acc": 1.0,
    "train_loss": 0.633517324924469,
    "test_loss": 0.6208022236824036,
    "width": [
        2,
        3,
        1
    ],
    "grid": 5,
    "seed": 42,
    "test_split": 0.1,
    "steps": 80
}