{
    "task": "moons",
    "train_acc": 0.9990000128746033,
    "test_acc": 1.0,
    "train_loss": 0.23234859108924866,
    "test_loss": 0.17661528289318085,
    "width": [
        2,
        2,
        1
    ],
    "grid": 10,
    "seed": 42,
    "test_split": 0.1,
    "steps": 80
}