{
    "task": "multi rings",
    "train_acc": 0.870888888835907,
    "test_acc": 0.8679999709129333,
    "train_loss": 2.298023223876953,
    "test_loss": 2.304903984069824,
    "width": [
        2,
        2,
        1
    ],
    "grid": 5,
    "seed": 42,
    "test_split": 0.1,
    "steps": 80
}