{
    "task": "multi rings",
    "train_acc": 0.8335555791854858,
    "test_acc": 0.8019999861717224,
    "train_loss": 2.4212234020233154,
    "test_loss": 2.562652587890625,
    "width": [
        2,
        1,
        1
    ],
    "grid": 10,
    "seed": 42,
    "test_split": 0.1,
    "steps": 80
}