{
    "task": "polar checker",
    "train_acc": 0.8115555644035339,
    "test_acc": 0.8349999785423279,
    "train_loss": 2.596454620361328,
    "test_loss": 2.5256996154785156,
    "width": [
        2,
        3,
        1
    ],
    "grid": 10,
    "seed": 42,
    "test_split": 0.1,
    "steps": 80
}