{
    "task": "polar a1",
    "train_acc": 0.9252222180366516,
    "test_acc": 0.9390000104904175,
    "train_loss": 1.88394296169281,
    "test_loss": 1.8208895921707153,
    "width": [
        2,
        2,
        1
    ],
    "grid": 5,
    "seed": 42,
    "test_split": 0.1,
    "steps": 80
}