{
    "task": "polar a2",
    "train_acc": 0.8214444518089294,
    "test_acc": 0.847000002861023,
    "train_loss": 2.5497806072235107,
    "test_loss": 2.4718403816223145,
    "width": [
        2,
        2,
        1
    ],
    "grid": 5,
    "seed": 42,
    "test_split": 0.1,
    "steps": 80
}