{
    "task": "polar a1",
    "train_acc": 0.9741111397743225,
    "test_acc": 0.972000002861023,
    "train_loss": 1.2270666360855103,
    "test_loss": 1.2710798978805542,
    "width": [
        2,
        3,
        1
    ],
    "grid": 10,
    "seed": 42,
    "test_split": 0.1,
    "steps": 80
}