{
    "task": "polar checker",
    "train_acc": 0.7842222452163696,
    "test_acc": 0.765999972820282,
    "train_loss": 2.7494256496429443,
    "test_loss": 2.7917215824127197,
    "width": [
        2,
        2,
        1
    ],
    "grid": 10,
    "seed": 42,
    "test_split": 0.1,
    "steps": 80
}