{
    "task": "polar a1",
    "train_acc": 0.8316666483879089,
    "test_acc": 0.8190000057220459,
    "train_loss": 2.459022283554077,
    "test_loss": 2.48937726020813,
    "width": [
        2,
        1,
        1
    ],
    "grid": 5,
    "seed": 42,
    "test_split": 0.1,
    "steps": 80
}