{
    "task": "polar a2",
    "train_acc": 0.7922222018241882,
    "test_acc": 0.7889999747276306,
    "train_loss": 2.7230725288391113,
    "test_loss": 2.748591423034668,
    "width": [
        2,
        1,
        1
    ],
    "grid": 10,
    "seed": 42,
    "test_split": 0.1,
    "steps": 80
}