{
    "task": "polar checker",
    "train_acc": 0.7952222228050232,
    "test_acc": 0.796999990940094,
    "train_loss": 2.7050533294677734,
    "test_loss": 2.698221206665039,
    "width": [
        2,
        2,
        1
    ],
    "grid": 5,
    "seed": 42,
    "test_split": 0.1,
    "steps": 80
}