{
    "task": "polar a2",
    "train_acc": 0.8437777757644653,
    "test_acc": 0.8420000076293945,
    "train_loss": 2.4159605503082275,
    "test_loss": 2.532144069671631,
    "width": [
        2,
        2,
        1
    ],
    "grid": 10,
    "seed": 42,
    "test_split": 0.1,
    "steps": 80
}