{
    "task": "polar a2",
    "train_acc": 0.8158888816833496,
    "test_acc": 0.824999988079071,
    "train_loss": 2.5600621700286865,
    "test_loss": 2.519155263900757,
    "width": [
        2,
        1,
        1
    ],
    "grid": 5,
    "seed": 42,
    "test_split": 0.1,
    "steps": 80
}