{
    "task": "polar a1",
    "train_acc": 0.8954444527626038,
    "test_acc": 0.8999999761581421,
    "train_loss": 2.0459797382354736,
    "test_loss": 1.9622745513916016,
    "width": [
        2,
        1,
        1
    ],
    "grid": 10,
    "seed": 42,
    "test_split": 0.1,
    "steps": 80
}