{
    "task": "polar a2",
    "train_acc": 0.867888867855072,
    "test_acc": 0.8519999980926514,
    "train_loss": 2.314150333404541,
    "test_loss": 2.421652317047119,
    "width": [
        2,
        3,
        1
    ],
    "grid": 5,
    "seed": 42,
    "test_split": 0.1,
    "steps": 80
}