{
    "task": "polar a1",
    "train_acc": 0.9154444336891174,
    "test_acc": 0.9150000214576721,
    "train_loss": 1.9801294803619385,
    "test_loss": 1.983982801437378,
    "width": [
        2,
        3,
        1
    ],
    "grid": 5,
    "seed": 42,
    "test_split": 0.1,
    "steps": 80
}