{
    "task": "polar a3",
    "train_acc": 0.7408888936042786,
    "test_acc": 0.7390000224113464,
    "train_loss": 2.9203760623931885,
    "test_loss": 2.905113458633423,
    "width": [
        2,
        1,
        1
    ],
    "grid": 10,
    "seed": 42,
    "test_split": 0.1,
    "steps": 80
}