{
    "task": "polar a2",
    "train_acc": 0.8916666507720947,
    "test_acc": 0.878000020980835,
    "train_loss": 2.112546443939209,
    "test_loss": 2.230637311935425,
    "width": [
        2,
        3,
        1
    ],
    "grid": 10,
    "seed": 42,
    "test_split": 0.1,
    "steps": 80
}