{
    "task": "polar a1",
    "train_acc": 0.8931111097335815,
    "test_acc": 0.8920000195503235,
    "train_loss": 2.0422868728637695,
    "test_loss": 2.0754289627075195,
    "width": [
        2,
        2,
        1
    ],
    "grid": 10,
    "seed": 42,
    "test_split": 0.1,
    "steps": 80
}