{
    "task": "rings a1",
    "train_acc": 0.9644444584846497,
    "test_acc": 0.9649999737739563,
    "train_loss": 1.5230400562286377,
    "test_loss": 1.5678672790527344,
    "width": [
        2,
        3,
        1
    ],
    "grid": 10,
    "seed": 42,
    "test_split": 0.1,
    "steps": 80
}