{
    "task": "rings a2",
    "train_acc": 0.8743333220481873,
    "test_acc": 0.8740000128746033,
    "train_loss": 2.2057580947875977,
    "test_loss": 2.2019689083099365,
    "width": [
        2,
        3,
        1
    ],
    "grid": 5,
    "seed": 42,
    "test_split": 0.1,
    "steps": 80
}