{
    "task": "rings a2",
    "train_acc": 0.894444465637207,
    "test_acc": 0.8880000114440918,
    "train_loss": 1.947554588317871,
    "test_loss": 2.0052857398986816,
    "width": [
        2,
        2,
        1
    ],
    "grid": 10,
    "seed": 42,
    "test_split": 0.1,
    "steps": 80
}