{
    "task": "rings a3",
    "train_acc": 0.8638888597488403,
    "test_acc": 0.8669999837875366,
    "train_loss": 2.3079230785369873,
    "test_loss": 2.30212664604187,
    "width": [
        2,
        3,
        1
    ],
    "grid": 5,
    "seed": 42,
    "test_split": 0.1,
    "steps": 80
}