{
    "task": "rings a2",
    "train_acc": 0.9011111259460449,
    "test_acc": 0.8949999809265137,
    "train_loss": 2.1105563640594482,
    "test_loss": 2.160956859588623,
    "width": [
        2,
        2,
        1
    ],
    "grid": 5,
    "seed": 42,
    "test_split": 0.1,
    "steps": 80
}