{
    "task": "rings a3",
    "train_acc": 0.6333333253860474,
    "test_acc": 0.6320000290870667,
    "train_loss": 3.2703139781951904,
    "test_loss": 3.2421882152557373,
    "width": [
        2,
        1,
        1
    ],
    "grid": 5,
    "seed": 42,
    "test_split": 0.1,
    "steps": 80
}