{
    "task": "rings a1",
    "train_acc": 0.7323333621025085,
    "test_acc": 0.7239999771118164,
    "train_loss": 2.9363739490509033,
    "test_loss": 2.987205743789673,
    "width": [
        2,
        1,
        1
    ],
    "grid": 5,
    "seed": 42,
    "test_split": 0.1,
    "steps": 80
}