{
    "task": "rings a1",
    "train_acc": 0.9860000014305115,
    "test_acc": 0.9860000014305115,
    "train_loss": 1.436294674873352,
    "test_loss": 1.4218899011611938,
    "width": [
        2,
        2,
        1
    ],
    "grid": 5,
    "seed": 42,
    "test_split": 0.1,
    "steps": 80
}