{
    "task": "rings a2",
    "train_acc": 0.8394444584846497,
    "test_acc": 0.8240000009536743,
    "train_loss": 2.4061813354492188,
    "test_loss": 2.4884164333343506,
    "width": [
        2,
        1,
        1
    ],
    "grid": 10,
    "seed": 42,
    "test_split": 0.1,
    "steps": 80
}