{
    "task": "rings a2",
    "train_acc": 0.8053333163261414,
    "test_acc": 0.8050000071525574,
    "train_loss": 2.6706607341766357,
    "test_loss": 2.6415762901306152,
    "width": [
        2,
        1,
        1
    ],
    "grid": 5,
    "seed": 42,
    "test_split": 0.1,
    "steps": 80
}