{
    "task": "rings a1",
    "train_acc": 0.9800000190734863,
    "test_acc": 0.9810000061988831,
    "train_loss": 1.5427539348602295,
    "test_loss": 1.5333620309829712,
    "width": [
        2,
        3,
        1
    ],
    "grid": 5,
    "seed": 42,
    "test_split": 0.1,
    "steps": 80
}