{
    "task": "rings a1",
    "train_acc": 0.7992222309112549,
    "test_acc": 0.7839999794960022,
    "train_loss": 2.6747782230377197,
    "test_loss": 2.774514675140381,
    "width": [
        2,
        1,
        1
    ],
    "grid": 10,
    "seed": 42,
    "test_split": 0.1,
    "steps": 80
}