{
    "task": "rings a2",
    "train_acc": 0.9092222452163696,
    "test_acc": 0.9089999794960022,
    "train_loss": 1.929309368133545,
    "test_loss": 1.958598017692566,
    "width": [
        2,
        3,
        1
    ],
    "grid": 10,
    "seed": 42,
    "test_split": 0.1,
    "steps": 80
}