{
    "task": "rings a1",
    "train_acc": 0.9284444451332092,
    "test_acc": 0.9290000200271606,
    "train_loss": 1.8429653644561768,
    "test_loss": 1.879062533378601,
    "width": [
        2,
        2,
        1
    ],
    "grid": 10,
    "seed": 42,
    "test_split": 0.1,
    "steps": 80
}