{
    "task": "rotated bar",
    "train_acc": 0.9968888759613037,
    "test_acc": 0.996999979019165,
    "train_loss": 0.6992122530937195,
    "test_loss": 0.7445297241210938,
    "width": [
        2,
        2,
        1
    ],
    "grid": 10,
    "seed": 42,
    "test_split": 0.1,
    "steps": 80
}