{
    "task": "spirals",
    "train_acc": 0.9747777581214905,
    "test_acc": 0.9779999852180481,
    "train_loss": 0.9649690985679626,
    "test_loss": 0.913170337677002,
    "width": [
        2,
        3,
        1
    ],
    "grid": 5,
    "seed": 42,
    "test_split": 0.1,
    "steps": 80
}