{
    "task": "spirals",
    "train_acc": 0.9739999771118164,
    "test_acc": 0.9750000238418579,
    "train_loss": 0.9362169504165649,
    "test_loss": 0.8756932020187378,
    "width": [
        2,
        1,
        1
    ],
    "grid": 10,
    "seed": 42,
    "test_split": 0.1,
    "steps": 80
}