{
    "task": "spirals",
    "train_acc": 0.9746666550636292,
    "test_acc": 0.9769999980926514,
    "train_loss": 0.9894782304763794,
    "test_loss": 0.9352527260780334,
    "width": [
        2,
        1,
        1
    ],
    "grid": 5,
    "seed": 42,
    "test_split": 0.1,
    "steps": 80
}