{
    "task": "two arm spiral",
    "train_acc": 0.9738888740539551,
    "test_acc": 0.9760000109672546,
    "train_loss": 0.9435358047485352,
    "test_loss": 0.8855538368225098,
    "width": [
        2,
        3,
        1
    ],
    "grid": 10,
    "seed": 42,
    "test_split": 0.1,
    "steps": 80
}