{
    "task": "two arm spiral",
    "train_acc": 0.973111093044281,
    "test_acc": 0.9760000109672546,
    "train_loss": 1.1013861894607544,
    "test_loss": 1.0398139953613281,
    "width": [
        2,
        2,
        1
    ],
    "grid": 5,
    "seed": 42,
    "test_split": 0.1,
    "steps": 80
}